{"cameraMode":{"drawMode":0,"name":"Shaded","section":"Shading Mode"},"sceneLighting":true,"audioPlay":false,"sceneViewState":{"showFog":true,"showMaterialUpdate":false,"showSkybox":true,"showFlares":true,"showImageEffects":true,"showParticleSystems":true},"in2DMode":false,"pivot":{"x":-3.326159954071045,"y":3.0190484523773195,"z":2.9392290115356447},"rotation":{"x":0.06628065556287766,"y":0.25977158546447756,"z":0.017832322046160699,"w":-0.9632534980773926},"size":10.920249938964844,"orthographic":false}